Vattentemperatur,E. coli,E. coli prefix,Intestinala enterokocker prefix,Intestinala enterokocker,Eu-bad,Län,Kommun,Badplats,Latitud,Longitud,Badplatstyp,Datum,Vädertyp,Kvalitet,Algblomning
11,1,<,<,1,N,Blekinge,Olofström,"<a href = ""https://badplatsen.havochvatten.se/badplatsen/karta/#/bath/SE0411060000000273""  target = ""_blank"">Orlunden</a>","56,2526959433047","14,6194514971947",Sjö,2023-05-08 00:00:00,Klart,Tjänligt,Ingen blomning
12,1,<,<,1,N,Blekinge,Olofström,"<a href = ""https://badplatsen.havochvatten.se/badplatsen/karta/#/bath/SE0411060000000274""  target = ""_blank"">Södersjön</a>","56,351794514145","14,5948611542484",Sjö,2023-05-08 00:00:00,Klart,Tjänligt,Ingen blomning
11,1,<,<,1,N,Blekinge,Olofström,"<a href = ""https://badplatsen.havochvatten.se/badplatsen/karta/#/bath/SE0411060000000275""  target = ""_blank"">Slagesnässjön</a>","56,3551839361323","14,53861762718",Sjö,2023-05-08 00:00:00,Klart,Tjänligt,Ingen blomning
12,1,<,<,1,N,Blekinge,Olofström,"<a href = ""https://badplatsen.havochvatten.se/badplatsen/karta/#/bath/SE0411060000000276""  target = ""_blank"">Halen</a>","56,2695359022493","14,507554638801",Sjö,2023-05-08 00:00:00,Klart,Tjänligt,Ingen blomning
12,1,<,=,2,N,Blekinge,Olofström,"<a href = ""https://badplatsen.havochvatten.se/badplatsen/karta/#/bath/SE0411060000000277""  target = ""_blank"">Abborrsjön</a>","56,3265640613329","14,6913587234465",Sjö,2023-05-08 00:00:00,Klart,Tjänligt,Ingen blomning
12,1,=,<,1,N,Blekinge,Olofström,"<a href = ""https://badplatsen.havochvatten.se/badplatsen/karta/#/bath/SE0411060000000278""  target = ""_blank"">Stora Oredssjön</a>","56,2609327418205","14,5441562062522",Sjö,2023-05-08 00:00:00,Klart,Tjänligt,Ingen blomning
15,1,=,<,10,N,Kronoberg,Markaryd,"<a href = ""https://badplatsen.havochvatten.se/badplatsen/karta/#/bath/SE0920767000000684""  target = ""_blank"">Tovhultsbadet</a>","56,589086236752","13,764239848444",Sjö,2023-05-23 00:00:00,Ingen uppgift,Tjänligt,Ingen uppgift
0,3,=,<,10,N,Kronoberg,Markaryd,"<a href = ""https://badplatsen.havochvatten.se/badplatsen/karta/#/bath/SE0920767000000688""  target = ""_blank"">Lokasjön</a>","56,4540950483227","13,5774693437042",Sjö,2023-05-23 00:00:00,Ingen uppgift,Tjänligt,Ingen uppgift
18,1,<,<,10,N,Kronoberg,Markaryd,"<a href = ""https://badplatsen.havochvatten.se/badplatsen/karta/#/bath/SE0920767000000689""  target = ""_blank"">Hinnerydssjön</a>","56,6134696616075","13,6084874103465",Sjö,2023-05-23 00:00:00,Ingen uppgift,Tjänligt,Ingen uppgift
17,27,=,<,10,N,Kronoberg,Markaryd,"<a href = ""https://badplatsen.havochvatten.se/badplatsen/karta/#/bath/SE0920767000000690""  target = ""_blank"">Getesjön</a>","56,4624954601477","13,6052110365596",Sjö,2023-05-23 00:00:00,Ingen uppgift,Tjänligt,Ingen uppgift
15,111,=,=,40,N,Kronoberg,Markaryd,"<a href = ""https://badplatsen.havochvatten.se/badplatsen/karta/#/bath/SE0920767000000691""  target = ""_blank"">Klintbadet</a>","56,5486382656193","13,7247865536474",Sjö,2023-05-23 00:00:00,Ingen uppgift,Tjänligt m. Anm.,Ingen uppgift
16,4,=,<,10,N,Kronoberg,Markaryd,"<a href = ""https://badplatsen.havochvatten.se/badplatsen/karta/#/bath/SE0920767000000692""  target = ""_blank"">Hannabadssjön</a>","56,4402915382703","13,5691960574995",Sjö,2023-05-23 00:00:00,Ingen uppgift,Tjänligt,Ingen uppgift
"14,5",41,=,=,10,J,Skåne,Helsingborg,"<a href = ""https://badplatsen.havochvatten.se/badplatsen/karta/#/bath/SE0441283000000310""  target = ""_blank"">Rydebäck</a>","55,9669282947319","12,7561817905487",Hav,2023-05-29 00:00:00,Klart,Tjänligt,Ingen blomning
"16,1",20,=,<,10,J,Skåne,Helsingborg,"<a href = ""https://badplatsen.havochvatten.se/badplatsen/karta/#/bath/SE0441283000000311""  target = ""_blank"">Örby Ängar</a>","55,9850433458038","12,7510678782033",Hav,2023-05-29 00:00:00,Klart,Tjänligt,Ingen blomning
15,10,<,<,10,N,Skåne,Helsingborg,"<a href = ""https://badplatsen.havochvatten.se/badplatsen/karta/#/bath/SE0441283000000312""  target = ""_blank"">Råå badhus</a>","55,9956248767409","12,7393292759931",Hav,2023-05-29 00:00:00,Klart,Tjänligt,Ingen blomning
15,52,=,<,10,J,Skåne,Helsingborg,"<a href = ""https://badplatsen.havochvatten.se/badplatsen/karta/#/bath/SE0441283000000313""  target = ""_blank"">Råå vallar</a>","56,0014639823245","12,7284425883661",Hav,2023-05-29 00:00:00,Klart,Tjänligt,Ingen blomning
"15,3",10,=,=,10,N,Skåne,Helsingborg,"<a href = ""https://badplatsen.havochvatten.se/badplatsen/karta/#/bath/SE0441283000000314""  target = ""_blank"">Kallbadhuset</a>","56,0554","12,6806",Hav,2023-05-29 00:00:00,Klart,Tjänligt,Ingen blomning
"14,1",10,<,<,10,N,Skåne,Helsingborg,"<a href = ""https://badplatsen.havochvatten.se/badplatsen/karta/#/bath/SE0441283000000314""  target = ""_blank"">Kallbadhuset</a>","56,0554","12,6806",Hav,2023-05-22 00:00:00,Klart,Tjänligt,Ingen blomning
"15,5",10,<,<,10,N,Skåne,Helsingborg,"<a href = ""https://badplatsen.havochvatten.se/badplatsen/karta/#/bath/SE0441283000000315""  target = ""_blank"">Pålsjöbaden</a>","56,0641430576507","12,6767032103911",Hav,2023-05-29 00:00:00,Klart,Tjänligt,Ingen blomning
"14,1",10,<,<,10,N,Skåne,Helsingborg,"<a href = ""https://badplatsen.havochvatten.se/badplatsen/karta/#/bath/SE0441283000000315""  target = ""_blank"">Pålsjöbaden</a>","56,0641430576507","12,6767032103911",Hav,2023-05-22 00:00:00,Klart,Tjänligt,Ingen blomning
"16,3",10,=,<,10,J,Skåne,Helsingborg,"<a href = ""https://badplatsen.havochvatten.se/badplatsen/karta/#/bath/SE0441283000000316""  target = ""_blank"">Vikingstrand</a>","56,0712970132467","12,6682506336133",Hav,2023-05-29 00:00:00,Klart,Tjänligt,Ingen blomning
"15,5",10,<,<,10,J,Skåne,Helsingborg,"<a href = ""https://badplatsen.havochvatten.se/badplatsen/karta/#/bath/SE0441283000000316""  target = ""_blank"">Vikingstrand</a>","56,0712970132467","12,6682506336133",Hav,2023-05-22 00:00:00,Klart,Tjänligt,Ingen blomning
"15,8",10,<,<,10,J,Skåne,Helsingborg,"<a href = ""https://badplatsen.havochvatten.se/badplatsen/karta/#/bath/SE0441283000000317""  target = ""_blank"">Larödbaden</a>","56,0885247478766","12,6461142017162",Hav,2023-05-22 00:00:00,Klart,Tjänligt,Ingen blomning
16,10,<,<,10,J,Skåne,Helsingborg,"<a href = ""https://badplatsen.havochvatten.se/badplatsen/karta/#/bath/SE0441283000000318""  target = ""_blank"">Hittarp</a>","56,0963320196092","12,6351851257026",Hav,2023-05-22 00:00:00,Klart,Tjänligt,Ingen blomning
"13,9",10,<,<,10,J,Skåne,Helsingborg,"<a href = ""https://badplatsen.havochvatten.se/badplatsen/karta/#/bath/SE0441283000000319""  target = ""_blank"">Domsten</a>","56,1170617041903","12,6027554687472",Hav,2023-05-22 00:00:00,Klart,Tjänligt,Ingen blomning
14,10,<,<,10,N,Skåne,Helsingborg,"<a href = ""https://badplatsen.havochvatten.se/badplatsen/karta/#/bath/SE0441283000000320""  target = ""_blank"">Utvälinge</a>","56,224","12,78",Hav,2023-05-22 00:00:00,Klart,Tjänligt,Ingen blomning
"16,2",10,=,<,10,J,Skåne,Helsingborg,"<a href = ""https://badplatsen.havochvatten.se/badplatsen/karta/#/bath/SE0441283000003890""  target = ""_blank"">Fria bad</a>","56,0579468897119","12,6804176204359",Hav,2023-05-29 00:00:00,Klart,Tjänligt,Ingen blomning
"15,1",10,<,<,10,J,Skåne,Helsingborg,"<a href = ""https://badplatsen.havochvatten.se/badplatsen/karta/#/bath/SE0441283000003890""  target = ""_blank"">Fria bad</a>","56,0579468897119","12,6804176204359",Hav,2023-05-22 00:00:00,Klart,Tjänligt,Ingen blomning
"16,2",10,=,<,10,N,Skåne,Helsingborg,"<a href = ""https://badplatsen.havochvatten.se/badplatsen/karta/#/bath/SE0441283000004056""  target = ""_blank"">Örby ängar norr</a>","55,9885632723018","12,7480647507858",Hav,2023-05-29 00:00:00,Klart,Tjänligt,Ingen blomning
"14,7",10,<,<,10,N,Skåne,Helsingborg,"<a href = ""https://badplatsen.havochvatten.se/badplatsen/karta/#/bath/SE0441283000004057""  target = ""_blank"">Parapeten</a>","56,0446168329138","12,6863129605851",Hav,2023-05-29 00:00:00,Klart,Tjänligt,Ingen blomning
"14,7",10,<,<,10,N,Skåne,Helsingborg,"<a href = ""https://badplatsen.havochvatten.se/badplatsen/karta/#/bath/SE0441283000004057""  target = ""_blank"">Parapeten</a>","56,0446168329138","12,6863129605851",Hav,2023-05-22 00:00:00,Klart,Tjänligt,Ingen blomning
"15,3",10,<,<,10,J,Skåne,Helsingborg,"<a href = ""https://badplatsen.havochvatten.se/badplatsen/karta/#/bath/SE0441283000004404""  target = ""_blank"">Järnvägsmännens brygga</a>","56,0536013752486","12,6826964634182",Hav,2023-05-29 00:00:00,Klart,Tjänligt,Ingen blomning
"14,5",10,<,<,10,J,Skåne,Helsingborg,"<a href = ""https://badplatsen.havochvatten.se/badplatsen/karta/#/bath/SE0441283000004404""  target = ""_blank"">Järnvägsmännens brygga</a>","56,0536013752486","12,6826964634182",Hav,2023-05-22 00:00:00,Klart,Tjänligt,Ingen blomning
18,1,=,<,10,N,Skåne,Höör,"<a href = ""https://badplatsen.havochvatten.se/badplatsen/karta/#/bath/SE0441267000000405""  target = ""_blank"">Dagstorpssjön Västra</a>","55,991389642612","13,4901965729341",Sjö,2023-05-23 00:00:00,Regnskurar,Tjänligt,Ingen blomning
18,1,=,<,10,N,Skåne,Höör,"<a href = ""https://badplatsen.havochvatten.se/badplatsen/karta/#/bath/SE0441267000000407""  target = ""_blank"">Tjörnarpssjön</a>","55,9964454473915","13,6251048213027",Sjö,2023-05-23 00:00:00,Regnskurar,Tjänligt,Ingen blomning
16,3,=,<,10,N,Skåne,Höör,"<a href = ""https://badplatsen.havochvatten.se/badplatsen/karta/#/bath/SE0441267000001340""  target = ""_blank"">Gamla Boo</a>","55,8730342491086","13,4910847165758",Sjö,2023-05-23 00:00:00,Regnskurar,Tjänligt,Ingen blomning
18,5,=,<,10,N,Skåne,Höör,"<a href = ""https://badplatsen.havochvatten.se/badplatsen/karta/#/bath/SE0441267000003768""  target = ""_blank"">Ö:a Ringsjön, Sätofta bad- och båtplats</a>","55,904670501164","13,5551543421015",Sjö,2023-05-23 00:00:00,Regnskurar,Tjänligt,Ingen blomning
18,10,=,<,10,N,Skåne,Höör,"<a href = ""https://badplatsen.havochvatten.se/badplatsen/karta/#/bath/SE0441267000003910""  target = ""_blank"">Vaxsjön</a>","55,9698169723266","13,5223307390517",Sjö,2023-05-23 00:00:00,Regnskurar,Tjänligt,Ingen blomning
18,3,=,<,10,N,Skåne,Höör,"<a href = ""https://badplatsen.havochvatten.se/badplatsen/karta/#/bath/SE0441267000004429""  target = ""_blank"">Dagstorpssjön Östra</a>","55,987995","13,499696",Sjö,2023-05-23 00:00:00,Regnskurar,Tjänligt,Ingen blomning
15,20,=,<,10,J,Skåne,Lomma,"<a href = ""https://badplatsen.havochvatten.se/badplatsen/karta/#/bath/SE0441262000000321""  target = ""_blank"">Hamnhusen, T-bryggan</a>","55,6725","13,0595",Hav,2023-05-29 00:00:00,Klart,Tjänligt,Ingen blomning
16,10,<,<,10,J,Skåne,Lomma,"<a href = ""https://badplatsen.havochvatten.se/badplatsen/karta/#/bath/SE0441262000000324""  target = ""_blank"">Långa Bryggan i Bjärred</a>","55,7108830968761","13,0235178512763",Hav,2023-05-29 00:00:00,Klart,Tjänligt,Ingen blomning
15,10,<,<,10,J,Skåne,Lomma,"<a href = ""https://badplatsen.havochvatten.se/badplatsen/karta/#/bath/SE0441262000000325""  target = ""_blank"">Habo Ljungs camping</a>","55,6887888","13,055194",Hav,2023-05-29 00:00:00,Klart,Tjänligt,Ingen blomning
16,63,=,<,10,J,Skåne,Lomma,"<a href = ""https://badplatsen.havochvatten.se/badplatsen/karta/#/bath/SE0441262000000326""  target = ""_blank"">Lomma Norra</a>","55,6783","13,0571",Hav,2023-05-29 00:00:00,Klart,Tjänligt,Ingen blomning
"13,2",10,<,<,10,J,Skåne,Malmö,"<a href = ""https://badplatsen.havochvatten.se/badplatsen/karta/#/bath/SE0441280000000064""  target = ""_blank"">Klagshamns badplats</a>","55,5251","12,8955",Hav,2023-05-22 00:00:00,Klart,Tjänligt,Ingen blomning
"10,9",10,<,<,10,J,Skåne,Malmö,"<a href = ""https://badplatsen.havochvatten.se/badplatsen/karta/#/bath/SE0441280000000064""  target = ""_blank"">Klagshamns badplats</a>","55,5251","12,8955",Hav,2023-05-08 00:00:00,Klart,Tjänligt,Ingen blomning
"15,8",10,<,<,10,J,Skåne,Malmö,"<a href = ""https://badplatsen.havochvatten.se/badplatsen/karta/#/bath/SE0441280000000066""  target = ""_blank"">Sibbarp</a>","55,57685","12,9094",Hav,2023-05-22 00:00:00,Klart,Tjänligt,Ingen blomning
11,10,<,<,10,J,Skåne,Malmö,"<a href = ""https://badplatsen.havochvatten.se/badplatsen/karta/#/bath/SE0441280000000066""  target = ""_blank"">Sibbarp</a>","55,57685","12,9094",Hav,2023-05-08 00:00:00,Klart,Tjänligt,Ingen blomning
"15,3",10,<,<,10,J,Skåne,Malmö,"<a href = ""https://badplatsen.havochvatten.se/badplatsen/karta/#/bath/SE0441280000000072""  target = ""_blank"">Ribersborg</a>","55,602685","12,957746",Hav,2023-05-22 00:00:00,Klart,Tjänligt,Ingen blomning
"10,1",10,<,<,10,J,Skåne,Malmö,"<a href = ""https://badplatsen.havochvatten.se/badplatsen/karta/#/bath/SE0441280000000072""  target = ""_blank"">Ribersborg</a>","55,602685","12,957746",Hav,2023-05-08 00:00:00,Klart,Tjänligt,Ingen blomning
"13,6",10,<,<,10,J,Skåne,Malmö,"<a href = ""https://badplatsen.havochvatten.se/badplatsen/karta/#/bath/SE0441280000004366""  target = ""_blank"">Scaniabadplatsen, Djuphavsbadet</a>","55,6174","12,9739",Hav,2023-05-22 00:00:00,Klart,Tjänligt,Ingen blomning
"9,8",10,<,<,10,J,Skåne,Malmö,"<a href = ""https://badplatsen.havochvatten.se/badplatsen/karta/#/bath/SE0441280000004366""  target = ""_blank"">Scaniabadplatsen, Djuphavsbadet</a>","55,6174","12,9739",Hav,2023-05-08 00:00:00,Klart,Tjänligt,Ingen blomning
"13,9",10,<,<,10,J,Skåne,Malmö,"<a href = ""https://badplatsen.havochvatten.se/badplatsen/karta/#/bath/SE0441280000004499""  target = ""_blank"">Sundspromenaden</a>","55,6132973689428","12,9712990141911",Hav,2023-05-22 00:00:00,Klart,Tjänligt,Ingen blomning
"9,5",10,<,<,10,J,Skåne,Malmö,"<a href = ""https://badplatsen.havochvatten.se/badplatsen/karta/#/bath/SE0441280000004499""  target = ""_blank"">Sundspromenaden</a>","55,6132973689428","12,9712990141911",Hav,2023-05-08 00:00:00,Klart,Tjänligt,Ingen blomning
"16,1",10,<,<,10,N,Skåne,Malmö,"<a href = ""https://badplatsen.havochvatten.se/badplatsen/karta/#/bath/SE0441280000006160""  target = ""_blank"">Yttre Barnviken, Sibbarp</a>","55,571746","12,900125",Hav,2023-05-22 00:00:00,Klart,Tjänligt,Ingen blomning
"12,3",10,<,<,10,N,Skåne,Malmö,"<a href = ""https://badplatsen.havochvatten.se/badplatsen/karta/#/bath/SE0441280000006160""  target = ""_blank"">Yttre Barnviken, Sibbarp</a>","55,571746","12,900125",Hav,2023-05-08 00:00:00,Klart,Tjänligt,Ingen blomning
"16,8",10,<,<,10,N,Skåne,Malmö,"<a href = ""https://badplatsen.havochvatten.se/badplatsen/karta/#/bath/SE0441280000006161""  target = ""_blank"">Öresunds Funkis</a>","55,598961","12,948882",Hav,2023-05-22 00:00:00,Klart,Tjänligt,Ingen blomning
11,10,<,<,10,N,Skåne,Malmö,"<a href = ""https://badplatsen.havochvatten.se/badplatsen/karta/#/bath/SE0441280000006161""  target = ""_blank"">Öresunds Funkis</a>","55,598961","12,948882",Hav,2023-05-08 00:00:00,Klart,Tjänligt,Ingen blomning
13,488,=,=,60,N,Skåne,Sjöbo,"<a href = ""https://badplatsen.havochvatten.se/badplatsen/karta/#/bath/SE0441265000000040""  target = ""_blank"">Östra Vombsjön</a>","55,6821646424947","13,6249295370578",Sjö,2023-05-16 00:00:00,Mulet,Tjänligt m. Anm.,Ingen blomning
16,2,=,<,10,N,Skåne,Sjöbo,"<a href = ""https://badplatsen.havochvatten.se/badplatsen/karta/#/bath/SE0441265000000041""  target = ""_blank"">Sövdesjön</a>","55,5885542237551","13,6659777932188",Sjö,2023-05-16 00:00:00,Mulet,Tjänligt,Ingen blomning
16,1,<,<,10,N,Skåne,Svedala,"<a href = ""https://badplatsen.havochvatten.se/badplatsen/karta/#/bath/SE0441263000000099""  target = ""_blank"">Pudesjö</a>","55,5770054001349","13,2507703473598",Sjö,2023-05-16 00:00:00,Ingen uppgift,Tjänligt,Ingen blomning
"11,7",1,<,<,10,J,Skåne,Vellinge,"<a href = ""https://badplatsen.havochvatten.se/badplatsen/karta/#/bath/SE0441233000000022""  target = ""_blank"">Kämpinge strandbad</a>","55,401737","12,964811",Hav,2023-05-29 00:00:00,Klart,Tjänligt,Ingen blomning
"13,7",1,<,<,10,J,Skåne,Vellinge,"<a href = ""https://badplatsen.havochvatten.se/badplatsen/karta/#/bath/SE0441233000000023""  target = ""_blank"">Ljungskogens strandbad</a>","55,39027","12,934299",Hav,2023-05-29 00:00:00,Klart,Tjänligt,Ingen blomning
"16,2",1,=,<,10,J,Skåne,Vellinge,"<a href = ""https://badplatsen.havochvatten.se/badplatsen/karta/#/bath/SE0441233000000024""  target = ""_blank"">Falsterbo strandbad</a>","55,387058","12,839863",Hav,2023-05-29 00:00:00,Klart,Tjänligt,Ingen blomning
"16,4",2,=,<,10,J,Skåne,Vellinge,"<a href = ""https://badplatsen.havochvatten.se/badplatsen/karta/#/bath/SE0441233000000026""  target = ""_blank"">Skanörs Havsbad</a>","55,413858","12,82671",Hav,2023-05-29 00:00:00,Klart,Tjänligt,Ingen blomning
"17,5",2,=,<,10,N,Skåne,Vellinge,"<a href = ""https://badplatsen.havochvatten.se/badplatsen/karta/#/bath/SE0441233000000027""  target = ""_blank"">Kanalbadet</a>","55,413669","12,93418",Hav,2023-05-29 00:00:00,Klart,Tjänligt,Ingen blomning
"14,2",1,<,<,10,N,Skåne,Vellinge,"<a href = ""https://badplatsen.havochvatten.se/badplatsen/karta/#/bath/SE0441233000004403""  target = ""_blank"">Handikappbadet</a>","55,397329","12,944282",Hav,2023-05-29 00:00:00,Klart,Tjänligt,Ingen blomning
"15,7",4,=,<,10,N,Skåne,Vellinge,"<a href = ""https://badplatsen.havochvatten.se/badplatsen/karta/#/bath/SE0441233000005497""  target = ""_blank"">Stens brygga</a>","55,416729","12,831055",Hav,2023-05-29 00:00:00,Klart,Tjänligt,Ingen blomning
10,1,<,<,10,J,Stockholm,Norrtälje,"<a href = ""https://badplatsen.havochvatten.se/badplatsen/karta/#/bath/SE0110188000002154""  target = ""_blank"">Arkadien</a>","59,7366","18,3555",Sjö,2023-05-15 00:00:00,Klart,Tjänligt,Ingen blomning
"10,5",1,=,<,10,N,Stockholm,Norrtälje,"<a href = ""https://badplatsen.havochvatten.se/badplatsen/karta/#/bath/SE0110188000002155""  target = ""_blank"">Sandbanken</a>","59,7380884898406","18,3473002997592",Sjö,2023-05-15 00:00:00,Klart,Tjänligt,Ingen blomning
17,1,<,<,10,J,Stockholm,Norrtälje,"<a href = ""https://badplatsen.havochvatten.se/badplatsen/karta/#/bath/SE0110188000002156""  target = ""_blank"">Lommaren</a>","59,7582908895815","18,6745975486929",Sjö,2023-05-29 00:00:00,Klart,Tjänligt,Ingen blomning
"10,5",1,<,<,10,N,Stockholm,Norrtälje,"<a href = ""https://badplatsen.havochvatten.se/badplatsen/karta/#/bath/SE0110188000002157""  target = ""_blank"">Malsta</a>","59,7693526953725","18,6408210092466",Sjö,2023-05-15 00:00:00,Klart,Tjänligt,Ingen blomning
10,1,=,<,10,J,Stockholm,Norrtälje,"<a href = ""https://badplatsen.havochvatten.se/badplatsen/karta/#/bath/SE0110188000002159""  target = ""_blank"">Erken, Svanberga</a>","59,8373","18,6546",Sjö,2023-05-15 00:00:00,Klart,Tjänligt,Ingen blomning
14,1,<,<,10,N,Stockholm,Norrtälje,"<a href = ""https://badplatsen.havochvatten.se/badplatsen/karta/#/bath/SE0110188000002164""  target = ""_blank"">Bergshamra, Mora</a>","59,6336604740253","18,6648382020175",Hav,2023-05-22 00:00:00,Viss molnighet,Tjänligt,Ingen blomning
14,1,<,<,10,N,Stockholm,Norrtälje,"<a href = ""https://badplatsen.havochvatten.se/badplatsen/karta/#/bath/SE0110188000002165""  target = ""_blank"">Largen</a>","59,5947797357825","18,5295565051688",Sjö,2023-05-22 00:00:00,Viss molnighet,Tjänligt,Ingen blomning
14,1,<,<,10,N,Stockholm,Norrtälje,"<a href = ""https://badplatsen.havochvatten.se/badplatsen/karta/#/bath/SE0110188000002167""  target = ""_blank"">Rådmansö, Åkeröbadet</a>","59,7335060772879","18,9339894790894",Hav,2023-05-22 00:00:00,Viss molnighet,Tjänligt,Ingen blomning
13,4,=,<,10,N,Stockholm,Norrtälje,"<a href = ""https://badplatsen.havochvatten.se/badplatsen/karta/#/bath/SE0110188000002168""  target = ""_blank"">Spillersboda, Spillersbodabade</a>","59,7028285635319","18,8635811114769",Hav,2023-05-22 00:00:00,Viss molnighet,Tjänligt,Ingen blomning
12,3,=,<,10,J,Stockholm,Norrtälje,"<a href = ""https://badplatsen.havochvatten.se/badplatsen/karta/#/bath/SE0110188000002171""  target = ""_blank"">Lundabadet</a>","59,7724049244847","18,8067159402444",Hav,2023-05-29 00:00:00,Klart,Tjänligt,Ingen blomning
12,16,=,<,10,J,Stockholm,Norrtälje,"<a href = ""https://badplatsen.havochvatten.se/badplatsen/karta/#/bath/SE0110188000002172""  target = ""_blank"">Kärleksudden</a>","59,7525943152021","18,7292876371149",Hav,2023-05-29 00:00:00,Klart,Tjänligt,Ingen blomning
"11,5",1,<,<,10,N,Stockholm,Norrtälje,"<a href = ""https://badplatsen.havochvatten.se/badplatsen/karta/#/bath/SE0110188000002173""  target = ""_blank"">Vängsjön</a>","59,7736502590441","18,1238486140644",Sjö,2023-05-19 00:00:00,Klart,Tjänligt,Ingen blomning
11,3,=,<,10,J,Stockholm,Norrtälje,"<a href = ""https://badplatsen.havochvatten.se/badplatsen/karta/#/bath/SE0110188000002175""  target = ""_blank"">Blidö, Rådmansholmen</a>","59,6219","18,944",Hav,2023-05-29 00:00:00,Klart,Tjänligt,Ingen blomning
15,3,=,<,10,N,Stockholm,Norrtälje,"<a href = ""https://badplatsen.havochvatten.se/badplatsen/karta/#/bath/SE0110188000002176""  target = ""_blank"">Vätö, Håknäs (Sandviken)</a>","59,7900760324612","18,9348325478562",Hav,2023-05-29 00:00:00,Klart,Tjänligt,Ingen blomning
12,1,=,<,10,N,Stockholm,Norrtälje,"<a href = ""https://badplatsen.havochvatten.se/badplatsen/karta/#/bath/SE0110188000002177""  target = ""_blank"">Rånäs, Lindbacken</a>","59,8114404307719","18,3154448231058",Sjö,2023-05-15 00:00:00,Klart,Tjänligt,Ingen blomning
13,1,<,<,10,N,Stockholm,Norrtälje,"<a href = ""https://badplatsen.havochvatten.se/badplatsen/karta/#/bath/SE0110188000002182""  target = ""_blank"">Solöbadet</a>","59,6773370618009","18,7609102635335",Hav,2023-06-01 00:00:00,Klart,Tjänligt,Ingen blomning
11,1,<,<,10,J,Stockholm,Norrtälje,"<a href = ""https://badplatsen.havochvatten.se/badplatsen/karta/#/bath/SE0110188000002184""  target = ""_blank"">Gisen</a>","59,8801","18,4975",Sjö,2023-05-15 00:00:00,Klart,Tjänligt,Ingen blomning
12,1,=,<,10,N,Stockholm,Norrtälje,"<a href = ""https://badplatsen.havochvatten.se/badplatsen/karta/#/bath/SE0110188000003622""  target = ""_blank"">Nysättra badet</a>","59,8132704325141","18,9036588706008",Hav,2023-05-29 00:00:00,Klart,Tjänligt,Ingen blomning
11,1,=,<,10,N,Stockholm,Norrtälje,"<a href = ""https://badplatsen.havochvatten.se/badplatsen/karta/#/bath/SE0110188000004894""  target = ""_blank"">Gillfjärden</a>","59,7980612529075","18,7316887240469",Sjö,2023-05-15 00:00:00,Klart,Tjänligt,Ingen blomning
11,4,=,=,80,N,Stockholm,Norrtälje,"<a href = ""https://badplatsen.havochvatten.se/badplatsen/karta/#/bath/SE0110188000004934""  target = ""_blank"">Österviken</a>","59,661241","18,942417",Hav,2023-05-29 00:00:00,Klart,Tjänligt,Ingen blomning
14,1,<,<,10,N,Stockholm,Norrtälje,"<a href = ""https://badplatsen.havochvatten.se/badplatsen/karta/#/bath/SE0110188000005094""  target = ""_blank"">Gunnsjön</a>","59,644934","18,612045",Sjö,2023-05-22 00:00:00,Viss molnighet,Tjänligt,Ingen blomning
14,5,=,<,10,N,Stockholm,Norrtälje,"<a href = ""https://badplatsen.havochvatten.se/badplatsen/karta/#/bath/SE0110188000005455""  target = ""_blank"">Lågarö-Örn</a>","59,7737","18,9346",Hav,2023-05-22 00:00:00,Viss molnighet,Tjänligt,Ingen blomning
14,26,=,=,390,N,Stockholm,Stockholm,"<a href = ""https://badplatsen.havochvatten.se/badplatsen/karta/#/bath/SE0110180000001831""  target = ""_blank"">Långholmens klippbad, Mälaren</a>","59,322809","18,034695",Sjö,2023-05-29 00:00:00,Klart,Otjänligt,Ingen blomning
14,15,=,=,50,J,Stockholm,Stockholm,"<a href = ""https://badplatsen.havochvatten.se/badplatsen/karta/#/bath/SE0110180000001832""  target = ""_blank"">Långholmens strandbad, Mälaren</a>","59,321979","18,02413",Sjö,2023-05-29 00:00:00,Klart,Tjänligt,Ingen blomning
13,5,=,=,10,J,Stockholm,Stockholm,"<a href = ""https://badplatsen.havochvatten.se/badplatsen/karta/#/bath/SE0110180000001845""  target = ""_blank"">Smedsuddsbadet V, Mälaren</a>","59,325144","18,020883",Sjö,2023-05-29 00:00:00,Klart,Tjänligt,Ingen blomning
14,3,=,=,20,J,Stockholm,Stockholm,"<a href = ""https://badplatsen.havochvatten.se/badplatsen/karta/#/bath/SE0110180000001846""  target = ""_blank"">Smedsuddsbadet Ö, Mälaren</a>","59,325","18,0216",Sjö,2023-05-29 00:00:00,Klart,Tjänligt,Ingen blomning
13,1,=,=,10,N,Stockholm,Stockholm,"<a href = ""https://badplatsen.havochvatten.se/badplatsen/karta/#/bath/SE0110180000001863""  target = ""_blank"">Ekhagens strandbad</a>","59,372523","18,069107",Hav,2023-05-29 00:00:00,Klart,Tjänligt,Ingen blomning
14,1,<,<,10,J,Stockholm,Stockholm,"<a href = ""https://badplatsen.havochvatten.se/badplatsen/karta/#/bath/SE0110180000001864""  target = ""_blank"">Brunnsvikens Strandbad</a>","59,3618","18,0485",Sjö,2023-05-29 00:00:00,Klart,Tjänligt,Ingen blomning
19,10,=,<,10,J,Stockholm,Stockholm,"<a href = ""https://badplatsen.havochvatten.se/badplatsen/karta/#/bath/SE0110180000001866""  target = ""_blank"">Farsta strandbad, Magelungen</a>","59,2366","18,0843",Sjö,2023-05-30 00:00:00,Klart,Tjänligt,Ingen blomning
17,2,=,<,10,J,Stockholm,Stockholm,"<a href = ""https://badplatsen.havochvatten.se/badplatsen/karta/#/bath/SE0110180000001867""  target = ""_blank"">Flatenbadet, allmänna</a>","59,2525","18,1588",Sjö,2023-05-30 00:00:00,Klart,Tjänligt,Ingen blomning
17,1,<,<,10,J,Stockholm,Stockholm,"<a href = ""https://badplatsen.havochvatten.se/badplatsen/karta/#/bath/SE0110180000001868""  target = ""_blank"">Flatenbadet, barnbadet</a>","59,2565","18,156",Sjö,2023-05-30 00:00:00,Klart,Tjänligt,Ingen blomning
17,3,=,<,10,J,Stockholm,Stockholm,"<a href = ""https://badplatsen.havochvatten.se/badplatsen/karta/#/bath/SE0110180000001869""  target = ""_blank"">Hökarängsbadet, Drevviken</a>","59,2468","18,11",Sjö,2023-05-29 00:00:00,Klart,Tjänligt,Ingen blomning
17,10,=,<,10,N,Stockholm,Stockholm,"<a href = ""https://badplatsen.havochvatten.se/badplatsen/karta/#/bath/SE0110180000001870""  target = ""_blank"">Sköndalsbadet, Drevviken</a>","59,248402","18,125108",Sjö,2023-05-30 00:00:00,Klart,Tjänligt,Ingen blomning
13,9,=,<,10,N,Stockholm,Stockholm,"<a href = ""https://badplatsen.havochvatten.se/badplatsen/karta/#/bath/SE0110180000004188""  target = ""_blank"">Oxhålsbadet (Stora Essingen), Mälaren</a>","59,3223","17,9843",Sjö,2023-05-29 00:00:00,Klart,Tjänligt,Ingen blomning
16,2,=,<,10,N,Stockholm,Stockholm,"<a href = ""https://badplatsen.havochvatten.se/badplatsen/karta/#/bath/SE0110180000004456""  target = ""_blank"">Skrubba strandbad, Drevviken</a>","59,234","18,1834",Sjö,2023-05-30 00:00:00,Klart,Tjänligt,Ingen blomning
13,21,=,<,10,N,Stockholm,Stockholm,"<a href = ""https://badplatsen.havochvatten.se/badplatsen/karta/#/bath/SE0110180000004457""  target = ""_blank"">Fredhällsbadet, Mälaren</a>","59,3304","17,9959",Sjö,2023-05-29 00:00:00,Klart,Tjänligt,Ingen blomning
14,138,=,=,10,N,Stockholm,Stockholm,"<a href = ""https://badplatsen.havochvatten.se/badplatsen/karta/#/bath/SE0110180000004555""  target = ""_blank"">Kristinebergs Strandbad</a>","59,338221","18,000931",Sjö,2023-05-29 00:00:00,Klart,Tjänligt m. Anm.,Ingen blomning
"17,4",1,<,<,10,N,Stockholm,Upplands-Bro,"<a href = ""https://badplatsen.havochvatten.se/badplatsen/karta/#/bath/SE0110139000001714""  target = ""_blank"">Lillsjön</a>","59,4907716213504","17,7168598685225",Sjö,2023-05-22 00:00:00,Ingen uppgift,Tjänligt,Ingen uppgift
16,1,<,<,10,N,Stockholm,Upplands-Bro,"<a href = ""https://badplatsen.havochvatten.se/badplatsen/karta/#/bath/SE0110139000001715""  target = ""_blank"">Stigstorp</a>","59,4977075065205","17,7784183590414",Sjö,2023-05-22 00:00:00,Ingen uppgift,Tjänligt,Ingen uppgift
"15,6",4,=,<,10,N,Stockholm,Upplands-Bro,"<a href = ""https://badplatsen.havochvatten.se/badplatsen/karta/#/bath/SE0110139000001716""  target = ""_blank"">Hällkana</a>","59,5257096054794","17,6848669729185",Sjö,2023-05-22 00:00:00,Ingen uppgift,Tjänligt,Ingen uppgift
"16,3",1,<,<,10,N,Stockholm,Upplands-Bro,"<a href = ""https://badplatsen.havochvatten.se/badplatsen/karta/#/bath/SE0110139000001717""  target = ""_blank"">Björknäs</a>","59,4853753930669","17,6046125599633",Sjö,2023-05-22 00:00:00,Ingen uppgift,Tjänligt,Ingen uppgift
"19,8",1,<,<,10,N,Stockholm,Upplands-Bro,"<a href = ""https://badplatsen.havochvatten.se/badplatsen/karta/#/bath/SE0110139000003790""  target = ""_blank"">Gröna Udden</a>","59,4742528961013","17,7509914839481",Sjö,2023-05-22 00:00:00,Ingen uppgift,Tjänligt,Ingen uppgift
"15,7",1,<,<,10,N,Stockholm,Upplands-Bro,"<a href = ""https://badplatsen.havochvatten.se/badplatsen/karta/#/bath/SE0110139000004442""  target = ""_blank"">Frölunda badplats (klippbad)</a>","59,4426921245527","17,6939477016584",Sjö,2023-05-22 00:00:00,Ingen uppgift,Tjänligt,Ingen uppgift
"17,5",1,<,<,10,N,Stockholm,Upplands-Bro,"<a href = ""https://badplatsen.havochvatten.se/badplatsen/karta/#/bath/SE0110139000004443""  target = ""_blank"">Frölunda, vid grillhus (sandstrand)</a>","59,441565260457","17,6984801134251",Sjö,2023-05-22 00:00:00,Ingen uppgift,Tjänligt,Ingen uppgift
16,1,,,6,N,Stockholm,Vallentuna,"<a href = ""https://badplatsen.havochvatten.se/badplatsen/karta/#/bath/SE0110115000001985""  target = ""_blank"">Vallentunasjön, Gustavsudde</a>","59,5210347784488","18,0631860642136",Sjö,2023-05-29 00:00:00,Klart,Tjänligt,Ingen blomning
14,1,<,,1,N,Stockholm,Vallentuna,"<a href = ""https://badplatsen.havochvatten.se/badplatsen/karta/#/bath/SE0110115000001987""  target = ""_blank"">Långsjön syd</a>","59,5909223365572","18,3414967475741",Sjö,2023-05-29 00:00:00,Klart,Tjänligt,Ingen blomning
16,1,<,,2,N,Stockholm,Vallentuna,"<a href = ""https://badplatsen.havochvatten.se/badplatsen/karta/#/bath/SE0110115000001994""  target = ""_blank"">Toftesta</a>","59,5578792917695","18,2611585992061",Sjö,2023-05-29 00:00:00,Klart,Tjänligt,Ingen blomning
15,1,<,<,5,N,Stockholm,Vallentuna,"<a href = ""https://badplatsen.havochvatten.se/badplatsen/karta/#/bath/SE0110115000001995""  target = ""_blank"">Bergsjön</a>","59,6492519596823","18,2731565295656",Sjö,2023-05-29 00:00:00,Klart,Tjänligt,Ingen blomning
"15,6",10,<,<,10,N,Västra Götalands,Strömstad,"<a href = ""https://badplatsen.havochvatten.se/badplatsen/karta/#/bath/SE0A21486000000106""  target = ""_blank"">Lagunen Camping</a>","58,9137346382483","11,2038336580666",Hav,2023-05-30 00:00:00,Klart,Tjänligt,Ingen blomning
10,1,<,<,1,N,Västra Götalands,Svenljunga,"<a href = ""https://badplatsen.havochvatten.se/badplatsen/karta/#/bath/SE0A21465000001057""  target = ""_blank"">Mjöbäck, Korrasjön</a>","57,3156375818067","12,8696884697737",Sjö,2023-05-05 00:00:00,Klart,Tjänligt,Ingen blomning
9,1,<,<,1,N,Västra Götalands,Svenljunga,"<a href = ""https://badplatsen.havochvatten.se/badplatsen/karta/#/bath/SE0A21465000001058""  target = ""_blank"">Överlida, Stora Hallången</a>","57,3469890892821","12,9039736659283",Sjö,2023-05-05 00:00:00,Klart,Tjänligt,Ingen blomning
10,5,<,<,1,N,Västra Götalands,Svenljunga,"<a href = ""https://badplatsen.havochvatten.se/badplatsen/karta/#/bath/SE0A21465000001060""  target = ""_blank"">Holsljunga, Holsjön</a>","57,4174649846319","12,9561008509299",Sjö,2023-05-05 00:00:00,Klart,Tjänligt,Ingen blomning
11,1,<,<,1,N,Västra Götalands,Svenljunga,"<a href = ""https://badplatsen.havochvatten.se/badplatsen/karta/#/bath/SE0A21465000001061""  target = ""_blank"">Roasjö, Roasjön</a>","57,5408759810958","12,975561699319",Sjö,2023-05-03 00:00:00,Viss molnighet,Tjänligt,Ingen blomning
11,3,<,<,1,N,Västra Götalands,Svenljunga,"<a href = ""https://badplatsen.havochvatten.se/badplatsen/karta/#/bath/SE0A21465000001063""  target = ""_blank"">Revesjö, Stora Kvarnsjön</a>","57,440955680155","13,0574196277721",Sjö,2023-05-03 00:00:00,Klart,Tjänligt,Ingen blomning
10,1,<,=,1,N,Västra Götalands,Svenljunga,"<a href = ""https://badplatsen.havochvatten.se/badplatsen/karta/#/bath/SE0A21465000001066""  target = ""_blank"">Sexdrega, Hagalundssjön</a>","57,5671470027992","13,1220148077897",Sjö,2023-05-03 00:00:00,Viss molnighet,Tjänligt,Ingen blomning
10,1,<,<,1,N,Västra Götalands,Svenljunga,"<a href = ""https://badplatsen.havochvatten.se/badplatsen/karta/#/bath/SE0A21465000001068""  target = ""_blank"">Hillared, Hösjön</a>","57,6173934624618","13,1787780353386",Sjö,2023-05-03 00:00:00,Mulet,Tjänligt,Ingen blomning
9,1,<,=,2,N,Västra Götalands,Svenljunga,"<a href = ""https://badplatsen.havochvatten.se/badplatsen/karta/#/bath/SE0A21465000001071""  target = ""_blank"">Kalv, Kalvsjön</a>","57,2430875062251","13,0721839739121",Sjö,2023-05-05 00:00:00,Klart,Tjänligt,Ingen blomning
11,8,=,<,1,N,Västra Götalands,Svenljunga,"<a href = ""https://badplatsen.havochvatten.se/badplatsen/karta/#/bath/SE0A21465000001073""  target = ""_blank"">Östra Frölunda, Vitasjön</a>","57,3090681527905","12,989699207644",Sjö,2023-05-05 00:00:00,Klart,Tjänligt,Ingen blomning
10,1,<,<,1,N,Västra Götalands,Svenljunga,"<a href = ""https://badplatsen.havochvatten.se/badplatsen/karta/#/bath/SE0A21465000001074""  target = ""_blank"">Svenljunga, Kolarpssjön</a>","57,537834015988","13,1186779868832",Sjö,2023-05-03 00:00:00,Viss molnighet,Tjänligt,Ingen blomning
11,1,<,<,1,N,Västra Götalands,Svenljunga,"<a href = ""https://badplatsen.havochvatten.se/badplatsen/karta/#/bath/SE0A21465000001076""  target = ""_blank"">Håcksvik, Skäremosjön</a>","57,3377745649473","13,1839852640479",Sjö,2023-05-05 00:00:00,Klart,Tjänligt,Ingen blomning
12,1,<,<,1,N,Västra Götalands,Svenljunga,"<a href = ""https://badplatsen.havochvatten.se/badplatsen/karta/#/bath/SE0A21465000001078""  target = ""_blank"">Örsås, Örsåssjön</a>","57,4428210077208","13,1290414631033",Sjö,2023-05-05 00:00:00,Klart,Tjänligt,Ingen blomning
"17,1",23,=,=,30,N,Västra Götalands,Tidaholm,"<a href = ""https://badplatsen.havochvatten.se/badplatsen/karta/#/bath/SE0A21498000000892""  target = ""_blank"">Tidan, Fröjered</a>","58,248452771152","14,016324515389",Vattendrag,2023-05-29 00:00:00,Klart,Tjänligt,Ingen blomning
"14,9",28,=,=,40,N,Västra Götalands,Tidaholm,"<a href = ""https://badplatsen.havochvatten.se/badplatsen/karta/#/bath/SE0A21498000000893""  target = ""_blank"">Tidan, Madängsholm</a>","58,1387892396892","13,9277593873318",Vattendrag,2023-05-29 00:00:00,Klart,Tjänligt,Ingen blomning
"16,9",1,=,<,10,N,Västra Götalands,Tidaholm,"<a href = ""https://badplatsen.havochvatten.se/badplatsen/karta/#/bath/SE0A21498000000898""  target = ""_blank"">Lilla Havssjön</a>","58,1050771703748","14,0881499940035",Sjö,2023-05-29 00:00:00,Klart,Tjänligt,Ingen blomning
"17,3",2,=,<,10,N,Västra Götalands,Tidaholm,"<a href = ""https://badplatsen.havochvatten.se/badplatsen/karta/#/bath/SE0A21498000000899""  target = ""_blank"">Bruksdammen</a>","58,2165326469227","13,8541860504726",Sjö,2023-05-29 00:00:00,Klart,Tjänligt,Ingen blomning
"17,3",2,=,<,10,N,Västra Götalands,Tidaholm,"<a href = ""https://badplatsen.havochvatten.se/badplatsen/karta/#/bath/SE0A21498000000900""  target = ""_blank"">Otterstorpasjön, Valstad</a>","58,1023232652799","13,8265390095146",Sjö,2023-05-29 00:00:00,Klart,Tjänligt,Ingen blomning
5,1,=,=,10,N,Örebro,Kumla,"<a href = ""https://badplatsen.havochvatten.se/badplatsen/karta/#/bath/SE0241881000003227""  target = ""_blank"">Hästhagsbrottet</a>","59,1084949896243","15,2310384172569",Sjö,2023-05-17 00:00:00,Ingen uppgift,Tjänligt,Ingen uppgift
17,4,=,<,10,N,Östergötland,Linköping,"<a href = ""https://badplatsen.havochvatten.se/badplatsen/karta/#/bath/SE0230580000001757""  target = ""_blank"">Roxen Berg</a>","58,4868083391097","15,5408333143404",Sjö,2023-05-26 00:00:00,Klart,Tjänligt,Ingen uppgift
16,1,<,<,10,N,Östergötland,Linköping,"<a href = ""https://badplatsen.havochvatten.se/badplatsen/karta/#/bath/SE0230580000001758""  target = ""_blank"">Roxen Sandvik</a>","58,5388177818539","15,6208372390246",Sjö,2023-05-26 00:00:00,Klart,Tjänligt,Ingen uppgift
18,3,=,<,10,N,Östergötland,Linköping,"<a href = ""https://badplatsen.havochvatten.se/badplatsen/karta/#/bath/SE0230580000001760""  target = ""_blank"">Stångån Hjulsbro</a>","58,3744714476893","15,7139489634733",Vattendrag,2023-05-25 00:00:00,Viss molnighet,Tjänligt,Ingen uppgift
17,10,=,=,10,N,Östergötland,Linköping,"<a href = ""https://badplatsen.havochvatten.se/badplatsen/karta/#/bath/SE0230580000001761""  target = ""_blank"">Stångån Johannelund</a>","58,3983617563345","15,6623526743628",Vattendrag,2023-05-25 00:00:00,Klart,Tjänligt,Ingen uppgift
18,5,=,<,10,N,Östergötland,Linköping,"<a href = ""https://badplatsen.havochvatten.se/badplatsen/karta/#/bath/SE0230580000001762""  target = ""_blank"">Stångån Sturefors</a>","58,3242330526836","15,7256212267365",Vattendrag,2023-05-25 00:00:00,Viss molnighet,Tjänligt,Ingen uppgift
18,1,<,<,10,N,Östergötland,Linköping,"<a href = ""https://badplatsen.havochvatten.se/badplatsen/karta/#/bath/SE0230580000001763""  target = ""_blank"">Järnlunden, Hulta</a>","58,1920852343084","15,5925138257302",Sjö,2023-05-24 00:00:00,Klart,Tjänligt,Ingen uppgift
17,1,<,<,10,N,Östergötland,Linköping,"<a href = ""https://badplatsen.havochvatten.se/badplatsen/karta/#/bath/SE0230580000001765""  target = ""_blank"">Järnlunden, Viggeby</a>","58,2021054834424","15,6415966054278",Sjö,2023-05-24 00:00:00,Klart,Tjänligt,Ingen uppgift
17,4,=,<,10,N,Östergötland,Linköping,"<a href = ""https://badplatsen.havochvatten.se/badplatsen/karta/#/bath/SE0230580000001766""  target = ""_blank"">Lilla Rängen, Brokind</a>","58,2148911171737","15,675612754051",Sjö,2023-05-24 00:00:00,Klart,Tjänligt,Ingen uppgift
17,3,=,=,10,N,Östergötland,Linköping,"<a href = ""https://badplatsen.havochvatten.se/badplatsen/karta/#/bath/SE0230580000001767""  target = ""_blank"">Lilla Rängen, Västerby</a>","58,2477622930245","15,660717849544",Sjö,2023-05-24 00:00:00,Klart,Tjänligt,Ingen uppgift
18,6,=,<,10,N,Östergötland,Linköping,"<a href = ""https://badplatsen.havochvatten.se/badplatsen/karta/#/bath/SE0230580000001768""  target = ""_blank"">Stora Rängen, Bestorp</a>","58,2343424171266","15,7270207827858",Sjö,2023-05-25 00:00:00,Klart,Tjänligt,Ingen uppgift
18,1,=,<,10,N,Östergötland,Linköping,"<a href = ""https://badplatsen.havochvatten.se/badplatsen/karta/#/bath/SE0230580000001770""  target = ""_blank"">Stora Rängen, Stavsätter</a>","58,3008681357553","15,6803899237482",Sjö,2023-05-24 00:00:00,Klart,Tjänligt,Ingen uppgift
18,3,=,<,10,N,Östergötland,Linköping,"<a href = ""https://badplatsen.havochvatten.se/badplatsen/karta/#/bath/SE0230580000001813""  target = ""_blank"">Ljungsjön</a>","58,5280363390211","15,4517802960596",Sjö,2023-05-26 00:00:00,Klart,Tjänligt,Ingen uppgift
16,2,=,<,10,N,Östergötland,Linköping,"<a href = ""https://badplatsen.havochvatten.se/badplatsen/karta/#/bath/SE0230580000001814""  target = ""_blank"">Hövern</a>","58,3824612356383","16,0332578174526",Sjö,2023-05-25 00:00:00,Klart,Tjänligt,Ingen uppgift
16,23,=,=,10,N,Östergötland,Linköping,"<a href = ""https://badplatsen.havochvatten.se/badplatsen/karta/#/bath/SE0230580000001815""  target = ""_blank"">Svinstadsjön</a>","58,3708571479228","15,8376142668848",Sjö,2023-05-25 00:00:00,Viss molnighet,Tjänligt,Ingen uppgift
19,3,=,<,10,N,Östergötland,Linköping,"<a href = ""https://badplatsen.havochvatten.se/badplatsen/karta/#/bath/SE0230580000001816""  target = ""_blank"">Hultsjön</a>","58,5741081660732","15,5101288502674",Sjö,2023-05-26 00:00:00,Klart,Tjänligt,Ingen uppgift
18,6,=,<,10,N,Östergötland,Linköping,"<a href = ""https://badplatsen.havochvatten.se/badplatsen/karta/#/bath/SE0230580000001819""  target = ""_blank"">Amundebosjön</a>","58,1212405867542","15,445449575664",Sjö,2023-05-24 00:00:00,Klart,Tjänligt,Ingen uppgift
19,1,=,<,10,N,Östergötland,Linköping,"<a href = ""https://badplatsen.havochvatten.se/badplatsen/karta/#/bath/SE0230580000001820""  target = ""_blank"">Lillsjön</a>","58,2760090985076","15,4044602823769",Sjö,2023-05-24 00:00:00,Klart,Tjänligt,Ingen uppgift
19,5,=,=,10,N,Östergötland,Linköping,"<a href = ""https://badplatsen.havochvatten.se/badplatsen/karta/#/bath/SE0230580000001822""  target = ""_blank"">Sibborpesjön</a>","58,5758563253657","15,4379351760774",Sjö,2023-05-26 00:00:00,Klart,Tjänligt,Ingen uppgift
18,1,<,<,10,N,Östergötland,Linköping,"<a href = ""https://badplatsen.havochvatten.se/badplatsen/karta/#/bath/SE0230580000004482""  target = ""_blank"">Stångån Badlagunen</a>","58,3983629057276","15,6621302819285",Vattendrag,2023-05-31 00:00:00,Klart,Tjänligt,Ingen uppgift
18,4,=,<,10,N,Östergötland,Linköping,"<a href = ""https://badplatsen.havochvatten.se/badplatsen/karta/#/bath/SE0230580000004533""  target = ""_blank"">Stångån Vårgård</a>","58,3879713477227","15,6909776950517",Sjö,2023-05-25 00:00:00,Klart,Tjänligt,Ingen uppgift